model,total_duration_s_mean,total_duration_s_std,total_duration_s_min,total_duration_s_max,prompt_eval_count_mean,eval_count_mean,eval_count_std,eval_count_min,eval_count_max,tokens_per_second_mean,tokens_per_second_std,tokens_per_second_min,tokens_per_second_max,response_chars_mean,response_chars_std,quality_score_mean,quality_score_std,quality_score_min,quality_score_max
deepseek-r1:8b-0528-qwen3-q4_K_M,3.824557361,0.25346358724954293,3.6314558,5.7006715,33.0,160.0,0.0,160,160,46.273110860351316,1.0361423773634757,42.86089395073665,49.39281108626584,0.0,0.0,0.0,0.0,0,0
gemma3:4b,2.54463442,0.2882095369569197,2.1782641,5.0991707,36.0,151.4,7.94297860320101,129,160,73.14014957414386,2.533234041098759,66.1873020672179,79.69311664719956,723.03,32.2760989844895,9.76,0.49482166974424713,8,10
llama3.2:3b,1.863604703,0.22673680870547758,1.455936,3.7900797,55.0,153.04,10.654273103010613,117,160,104.15801218190934,3.7398065099181106,95.79603951570392,121.32120000012132,632.82,47.2516110569232,9.99,0.1,9,10
